created_at,text,username,screen_name,verified,followers_count
Tue Oct 19 23:02:41 +0000 2021,A one year extension of the CTC. Yikes.,Nick Shields üåê,n_shields_12,False,635
Tue Oct 19 23:02:41 +0000 2021,I hate it here https://t.co/9NsKX3IsYy,@nay ‚óà weird era,Choco_Naynay,False,52
Tue Oct 19 23:02:41 +0000 2021,i think the elimination is unnecessary. they should've let all teams joining the show from the 1st episode till the end. it's hard to see such good groups to leave the show just bcs they got low views/likes or any other stupid factors :(  #StreetWomanFighter,soff „ÉÑ,hyunsoffiee,False,67
Tue Oct 19 23:02:41 +0000 2021,"#ICYMI I joined CNN Newsroom with this simple message, Republicans and conservatives care deeply about this planet and about this earth. Watch my discussion with @jimsciutto: https://t.co/YMA14vYS6v https://t.co/umueOf1Spe",mwy,wreddpepper,False,4466
Tue Oct 19 23:02:41 +0000 2021,For people complaining about this not being kid friendly.... idk if y'all noticed but Bratz aren't even in a lot of toy sections of stores like they use to be as if kids these days don't really pay mind to them. Bratz is most definitely for the generations who grew up with them,Spooky CherryüéÉüçí‚ú®,thecherrybonbon,False,3169
Tue Oct 19 23:02:41 +0000 2021,I know you do  https://t.co/LxPcZabZxG,Sarah Lee,Sarahxleex28,False,667
Tue Oct 19 23:02:41 +0000 2021,"This is my son Andrew, today he was riding his bike in the 78239 zip code by Windcrest. If you see him he's wearing a green shirt with a long sleeve shirt under and and blue jeans. His bike is black, he has glasses.he's 12 y/o. Please retweet and contact me or the police w info https://t.co/zWkwgk4W67",üíìBarbieDollüíì,Therealfryy,False,9647
Tue Oct 19 23:02:41 +0000 2021,"The fact that China launched a hypersonic nuclear platform, and that our intelligence agencies were caught unaware, should shock the world.",Patriot2020,Patriot202015,False,1466
Tue Oct 19 23:02:41 +0000 2021,you were honest. she made a decision based on that honesty. congrats on being an adult.,Miyah,TheRealBaeAf,False,295
Tue Oct 19 23:02:41 +0000 2021,Georgie coded a gas free naming mechanism that's instant and can be used to rename an alien from the secondary market... that's goat level shit. Tired of this project being taken for granted @TheAlienBoyNFT has already made history,LifeCrazyFr.eth üëΩüêº,L1feCrazyFr,False,954
Tue Oct 19 23:02:41 +0000 2021,I'm a #Massage Therapist &amp; Writer. I work on my books and try not to rub anybody the wrong way!#Houston Galveston 26 Years Of MassageHave Table Will Travelhttps://t.co/LDrubMf8sQ,Literature Posts,literatureposts,False,20672
Tue Oct 19 23:02:41 +0000 2021,i cant do this anymore i'm exhausted,ads üéÉ,dreamsplushie,False,668
Tue Oct 19 23:02:41 +0000 2021,@papitachiquita Ofc ofc I'll support all your aspirations,Josh Lester üá∫üá∏üá∫üá∏üá∫üá∏,LingTolls,False,571
Tue Oct 19 23:02:41 +0000 2021,really hate how songs are getting shorter and shorter. i get why artistes have to make them that way but :(,üå∑Liahüå∑,JugsMama,False,151
Tue Oct 19 23:02:41 +0000 2021,@sensualwalrus @geeboss Yeah there's a lot of people who don't know so I try and give benefit of the doubt,David,notbaddavid,False,905
Tue Oct 19 23:02:41 +0000 2021,"Byleth with an entry level understanding of what a school is, who googled ""classroom activities"" 5 minutes before class: um let's have show and tell felix pulling out a sword: i'll go first dorothea: *just transferred* What is wrong with him. ingrid: I know. Lances are better.",üëædevüëæ,mrsdeathknight,False,215
Tue Oct 19 23:02:41 +0000 2021,i know he hurt  https://t.co/R4m0JkS46U,Alan Cristiano,Cr7Alanr,False,660
Tue Oct 19 23:02:41 +0000 2021,Paying tribute to the previous generation before his first game as a Laker  https://t.co/GTgMyXy6kD,"üíâDFBR: 13,175-4,924-446",KingFitch_H19,False,3001
Tue Oct 19 23:02:41 +0000 2021,@TomFawkes This is a terrible take. (Now I have to try it dammit Tom),‚úùÔ∏èüó°Knight Kashimüõ°‚ôå,KashimTenshi,False,108
Tue Oct 19 23:02:41 +0000 2021,"This is a competition not a charity event!! So, please..... If your first pick is Yujin, give Yujin your votes because EVERY SINGLE VOTE COUNTS",Blink,BlinkLove365,False,14
Tue Oct 19 23:02:41 +0000 2021,"Dave Hakstol says Yanni Gourde will have ""full availability"" and will play without restrictions.Notes Vince Dunn is a game time decision and says Joey Daccord will also start tonight. #SeaKraken",All About the Jersey,AATJerseyBlog,False,3559
Tue Oct 19 23:02:41 +0000 2021,"@dagnificent They do get easier.And then after you've already popped out 10 kids one of them will be breach, or just have a giant effing head.At least with scripts you can survive that many births!","that‚Äôs impossible, Aoife died 7 years ago tonight",vivaciousvandal,False,1287
Tue Oct 19 23:02:41 +0000 2021,[NI-KI DAILY MENTION]Click the link to automatically send a tweet for #NI_KI brand reputation  enhaipeun niki (add unique words/gifs/pictures)https://t.co/2xDU61rCqY#ENHYPEN_NI_KI #NI_KI #enhaipeun_niki #niki @ENHYPEN @ENHYPEN_members https://t.co/beIzeYIf3q,„Å°„Åà,tadacche2,False,334
Tue Oct 19 23:02:40 +0000 2021,i learned how to play the bass today LOL https://t.co/a2RxxDXii4,Ÿã,starvelol,False,382
Tue Oct 19 23:02:41 +0000 2021,"@SarcasmStardust Thanks for the reminder, I need to go back and get my layers done",Morgan Art-boo-khina üëª,LavenderNRed,True,5444
Tue Oct 19 23:02:41 +0000 2021,@ninjasniperpon1 I miss this hood.,digitalHaze,digitalHaez,False,289
Tue Oct 19 23:02:41 +0000 2021,I'll suck till the last drop of your cum babe suscribe  https://t.co/7FaQVHekLX https://t.co/33Hs0E3SBK,John s.,Apple2001King,False,643
Tue Oct 19 23:02:41 +0000 2021,Okie my Sweatys we're back on tonight at 6pm pst!!! For are first affiliate stream!!!!! I'm so happy also as I'm writing this I'm working on my computer getting it all ready so hopefully no problem arise. #affiliate #twitch #live #HollowKnight,Sweaty,sweatybeardgame,False,35
Tue Oct 19 23:02:41 +0000 2021,"Many times I've tried to search for evidence of the rumor, I only find many people keep praising him. They tell how good boy he is, how good his manner and his sincere words and acts. The more I look for him, the more I wanna believe he's trully a good boy indeed  #KimSeonHo https://t.co/P1cK6aL6PF",jj_seonhoo ‚ó°Ãà,jj_seonhoo,False,8
Tue Oct 19 23:02:41 +0000 2021,This gaster is one of the cutest things I've ever drawn https://t.co/7olDwSugqA,play fire emblem: genealogy of the holy war üí´ üî™,_kriemhilds,False,303
Tue Oct 19 23:02:41 +0000 2021,The film they hope will disappear without trace is now on the very cusp a staggering 38 MILLION VIEWS! let's let @BorisJohnson &amp; @BBCNews know it will be waiting for them in the morning https://t.co/PlvEkEij1V,Sean Rankine,RankineSean,False,25
Tue Oct 19 23:02:41 +0000 2021,I can't deal with peons everybody around me havin they own motion fr,D.Craig,D_Craig00,False,4562
Tue Oct 19 23:02:41 +0000 2021,"A great responsibility we pass from it, and we hope that you will help us in this volunteer work, please@MasonD3@alid2912 @FleetSusie@Patrici39517272.@GBooth74@Sicktothebackt1.@SustainableZon3@DaniJ65974055.@MrBadger62@ZuzanaSuzy111 @Chris_1791@MAGA_Len @PKeppelman",Anne -marie,GrosUsai,False,1070
Tue Oct 19 23:02:41 +0000 2021,"@Telegraph PS30/hr might be good, but it's casual work for a couple of days here and there, and in different locations, which doesn't give an opportunity to settle",Johnny Penguin,D25percent,False,21
Tue Oct 19 23:02:41 +0000 2021,@JustRomeoG I'm so sorry sweetie... I'll be praying for you and your family.,Ruby M. Stuart,Nyricanamazon,False,129
Tue Oct 19 23:02:41 +0000 2021,I be smoking by myself and still be losing the lighter ,NG,NgDai_,False,4559
Tue Oct 19 23:02:41 +0000 2021,Judge Rules University Can Continue To Admit Students Through A 'Race Conscious Admissions Program' https://t.co/xMQYMDEefJ,FutureTimes15,FTimes15,False,1161
Tue Oct 19 23:02:41 +0000 2021,I got chills.I. NEED. THISSSSS,SaueBlackFoodie,SAUEBLACKFOODIE,False,19567
Tue Oct 19 23:02:41 +0000 2021,In the antebellum U.S. --- an American just traded someone's parent. https://t.co/89i6fiD58X,BestOf TheBots,BestOfTheBots,False,699
Tue Oct 19 23:02:41 +0000 2021,Please have some a drink of water always...,Andreas,andreaskleovou1,False,14
Tue Oct 19 23:02:41 +0000 2021,@KellyannePolls I miss you Kelly Ann.,Gerald Giggs,IwestTech,False,39
Tue Oct 19 23:02:41 +0000 2021," #UnboundFinance Private Sale Whitelisting is now OPEN !!Participate and stand a chance to be one of the lucky 100 winners who gets to participate in our private sale, exclusively for #Unbounders. Contest Link : https://t.co/b6Lep1xkAaT&amp;C : https://t.co/Wt0ZUrRL0S https://t.co/eKsYgg6WtI",omon,omon74915501,False,18
Tue Oct 19 23:02:41 +0000 2021,"@January6thCmte Hold a vote to send to the full House. When does full house vote, Friday? Then, on2 Justice Dep't, 2 b investigated ... Subpoena never enforced.",His Dollyness,HDollyness,False,20
Tue Oct 19 23:02:41 +0000 2021,@vivtran12 @courtcheyy I'm mad i got to,Dedrian Parmer Jr,5GoneBadd,False,1267
Tue Oct 19 23:02:41 +0000 2021,"@YvetteCooperMP I agree, but someone has cultivated this climate where division, anger and polarisation have become legitimised for many. There has been nothing from HMG to bring people together, only a perpetuation of the hate culture from the top. They/we should be careful what is wished for.",MTF,mtf_new,False,89
Tue Oct 19 23:02:41 +0000 2021,"Good morning moots, have a nice day~",Take a rest,NTL_91,False,286
Tue Oct 19 23:02:41 +0000 2021,"About 18 months ago, I mentioned to Chris that some members of @BTS_twt had said they were into our band, and I'd heard a rumour they might like to collaborate.  4 months later he called me super-excited - 'I've got the song for BTS!' - and played the demo over the phone. Phil",Dandz‚Å∑,Daniearmy,False,69
Tue Oct 19 23:02:41 +0000 2021,@kylie_gender i was just thinking that because why are people joining cults for god of all things?,ARCACAüëΩ,lilic0spet,False,510
Tue Oct 19 23:02:41 +0000 2021,"It looks funny, right? You think it looks funny.I do too. But it lives its whole life. So you have to take it seriously eventually, right? And be respectful and shit.I think it can digging in the ground for tubers. https://t.co/hvDFk39bfw",Isaiah Jaquez,TxIsaiahJaquez,False,124
Tue Oct 19 23:02:41 +0000 2021,Plenitud!!!,Luis rojas,Luisroj81526243,False,56
Tue Oct 19 23:02:41 +0000 2021,@justryin2live Wishing you a fast recovery Kimby.  ,Donna Suresch,donnasuresch,False,203
Tue Oct 19 23:02:41 +0000 2021,The government is considering a rethink of the size and mix of the nation's migration program amid warnings our living standards will fail to keep up with much of the developed world in the wake of the pandemic. | @swrighteconomy @JennieDuke #Auspol https://t.co/qoWWoSx8TR,Pierre R,GeochemOz,False,1216
Tue Oct 19 23:02:41 +0000 2021,I don't tell nobody my problems cause I'm the only person that's gon solve them anyway,ü•Äü¶áTayy-toberü¶áü•Ä,TaylorJBeautyy,False,4143
Tue Oct 19 23:02:41 +0000 2021,What a powerful story.#Veterans #VeteranSupport https://t.co/5ddjuUKZrW,New Horizons Learning Group,NHLearningGroup,False,7565
Tue Oct 19 23:02:41 +0000 2021,$NIO $40 proving to be a strong resistance for this stock. So far bulls got rejected but could soon have another attempt to break it. If that does not happen I could see a pullback taking place next. Break above $40 and we see new highs https://t.co/Oege0z5JKC,AlvinC,AlvinC9844,False,18
Tue Oct 19 23:02:41 +0000 2021,"i can't believe mfs had babysitters... i grew up with ""don't open the door unless its me"" ",onikadawll,onikadawll,False,874
Tue Oct 19 23:02:41 +0000 2021,@PLAZMAKIT I'm always smol :3,Sai,Saiai,False,131
Tue Oct 19 23:02:41 +0000 2021,@Dtopbeautyworld @KeremBursin I vote #KeremBursin from Turkey for #100MostHandsomeMen2021 #TBworld2021 b73,Helen Oliveira üíõ 8M - Thank you S√áK üíõ,HelenRibPreto,False,1352
Tue Oct 19 23:02:41 +0000 2021,@TagamiYoshihisa Are you the man behind this masterpiece? I am a big fan. https://t.co/Qp0WpTo3nZ,GrampieTicTacToe,TTT_warrior_xox,False,37
Tue Oct 19 23:02:41 +0000 2021,I love me a fun nigga   let's go places,Princess üå∏,adrianne_lenae,False,371
Tue Oct 19 23:02:41 +0000 2021,"i be like ""i can't wait for fall fits"" then fall comes and i dress like this https://t.co/dJPaSYj3Ao",chelsea,chelsea_bannon,False,261
Tue Oct 19 23:02:41 +0000 2021,We are so grateful for our partnership with @apsupdate to ensure children in Atlanta have a strong start. We all have a role to play. @PAACTatl @GEEARS @DrLisaHerring @TauheedahBaker #makethepaact,Bridget Bailey Ed.S,bridget92070,False,1486
Tue Oct 19 23:02:41 +0000 2021,It's mad that I can't fall asleep until 1amI wanna feel fresh tomorrow,misan,origho49,False,462
Tue Oct 19 23:02:41 +0000 2021,@Kaysitsofe @RichloveOwusu11 I'm the boss ,Reddintinüòé,PHDcounselor,False,630
Tue Oct 19 23:02:41 +0000 2021,"The miscreants had a field day, damaging the vehicles. https://t.co/raXDEIsG8d",HariTheCop5,HariTheCop5,False,53
Tue Oct 19 23:02:40 +0000 2021,"Congratulations to 3M #YoungScientist Challenge winner, 13-year-old Sarah Park! She developed Spark Care+, a music therapy treatment that helps people find music that heals. Give Sarah &amp; our top ten finalists a ! Learn more about her winning project: https://t.co/iPBxjUeacQ https://t.co/mxPs8WTNOB",3M,3M,True,1382111
Tue Oct 19 23:02:41 +0000 2021,"remember when twenty one pilots went viral for their phone pinching vines but not everybody knew it was them at the time, so people assumed they were ""a random man, and an invincible young guy"" https://t.co/vkxbsH1J2P",spooky liz MEL SOPLA LA VELA,scaledline,False,1625
Tue Oct 19 23:02:41 +0000 2021,Leftism flash cards,JB,jerrybradshaw,False,955
Tue Oct 19 23:02:41 +0000 2021,i got bored waitinf for genshin to install and my@laptop is dead so https://t.co/w4JQce8EhM,hazel ‚òÜ,haznutlatte,False,406
Tue Oct 19 23:02:41 +0000 2021,He is telling a random person on the street about his latest Instagram constantly,WhatIsHarryDoing,harrys_hiatus,False,33
Tue Oct 19 23:02:41 +0000 2021,Looking For a coach for Vanguard season  for @TeamInfinity_US academy roster dms open tell me your exp with teams be looking at all options @FindAClanHQ @FindHQs @UrNmOLT @NGE_Connect @NACAL_COD @ScrimFinder @8s_and_scrims @CoDFAsRT @CoDFAs @CoDFreeAgentss @CoD_RTs @ColdWarRTs,#GameChangers,NGE_Connect,False,10655
Tue Oct 19 23:02:41 +0000 2021,"when someone says to me ""i bought this because i know that you like it"" https://t.co/4wpXO3lsXr",$Jasmin$,JazzieeCouture,False,194
Tue Oct 19 23:02:41 +0000 2021,I love the nba. Games haven't even started yet and this season is crazy,Reilly,McDReilly97,False,249
Tue Oct 19 23:02:41 +0000 2021,If you try to talk women out of taking protective measures for their safety... you aren't a man of God.Even God equips His daughters with a sword  &amp; teaches us to guard our hearts by putting on the full armor &amp; keeping Him at the forefront of our minds + center of our hearts.,T.J.,RKO_2004,False,862
Tue Oct 19 23:02:41 +0000 2021,@John_J_F_Keil Lmaooo. I really surprised that y'all surprised. ,Tüßúüèæ,vcsenorita,False,158
Tue Oct 19 23:02:41 +0000 2021,"Today welcomes the highly anticipated release of the #SixTONES_oneST concert DVD &amp; Blu-ray! Shot amidst the the in-person fan energy of the Yokohama Arena during their incredible 2021 summer tour, it's a perfect testament to everything #SixTONES' debut album #1ST had to offer! https://t.co/kwMkJXleJO",„Åª„Å£„Åè„Çì„Åü„Çìü¶Ö,ssreri31sfl,False,308
Tue Oct 19 23:02:41 +0000 2021,"I make fun of xiao but HE'S TALLER THAN MEAnw barbara, noelle, sucrose, xinyan, yanfei",angel ‚ô•Ô∏é's xiao (102/180),i4aIatus,False,200
Tue Oct 19 23:02:41 +0000 2021,@technolapin @OskSta @tristan_elwell Technique is a method to express your ideas. Understanding technique moves you towards your goal of expression. It should not be on a pedestal but it should not be belittled. Practice is technique,MrSingularity9000,singularity9000,False,13
Tue Oct 19 23:02:41 +0000 2021,I asked a few days ago what you guys would miss the most (if?) when it all fell apart.For me...music. The ease of having any song/album available on demand.And soap. I don't look forward to making my own.,Slaughterhouse Skillet,ButtholeOutlaw,False,1882
Tue Oct 19 23:02:41 +0000 2021,"Lions  it's time to focus on Liquorose, no more unnecessary dragging Let peace reign  I know why I am saying this let peace reign Lions WINNEROSE #PickUpLineForLiquorose#BBNaija",emmarose I stanüòç,crazygirl2344,False,85
Tue Oct 19 23:02:41 +0000 2021,Y'all really let her slide with the drugging men's drink shit and now she's taking shots at a fellow cell mate,Let's have the Hex talk Ah üëÖ,Des_Baddie,False,304
Tue Oct 19 23:02:41 +0000 2021,Check out the photo I just liked on AdultFolio https://t.co/nu2wgw2f6O,Yorkie Tog,petemorell1,False,31
Tue Oct 19 23:02:41 +0000 2021,@thegraceilana I hate texting my story ,One Hustling A$$ Momüí∞,teeemoney__,False,4525
Tue Oct 19 23:02:41 +0000 2021,@Transsunny BARK BARK BARK I WILL FUCKING BITE SOMEONE BARK,andrew (SORAS YOUR SMASH REAL),andrewwtca,False,234
Tue Oct 19 23:02:41 +0000 2021,"@BauvariBevarus @phantom I think there's a good chance  of recovery, I suggest you reach out to #Cyberhelp003 on Instagram. they are experts in recovering hacked, deleted, banned, and suspended accounts  https://t.co/MocrtVD54h or on twitter @cyberhelp003",Jayne Gaddis,babyjayneg06,False,1
Tue Oct 19 23:02:41 +0000 2021,I dreamt looking for my late brother.I want to visit his gravesite but  l don't know what l will say when l get there,Whistle Blower üáøüá¶,sikhosanasa,False,9145
Tue Oct 19 23:02:41 +0000 2021,I will send one random person $500 in 72hrs all you have to do is RT and be following myself &amp; @bull_bnb Turn  on for both of usWelcome to #LEOSARMY ,Grace Cliff,gricid94,False,425
Tue Oct 19 23:02:41 +0000 2021,"@elise_flowers I love you Elise! Never ever worry about that!  And I love your baskets, so much  woven in!I'm sending you a teeny tiny baby monstera w/a really good root system &amp; travel better. I'm only sending a piece of the stalk bc it will grow fast(er) w/your insanely green thumb! https://t.co/saaQPZQmyn",Elise Flowers,elise_flowers,False,5728
Tue Oct 19 23:02:41 +0000 2021,"@LucyACarson I'm praying for her deliverance because honestly....deep in my heart of hearts, in this 22nd month of 2020 I get it",Ciji W,MzZzCali,False,784
Tue Oct 19 23:02:41 +0000 2021,y'all know those blanket hoodie thingsi want oneyeah thats all bye,jj is tired | üéó,incendiariux,False,45
Tue Oct 19 23:02:41 +0000 2021,"@ChampionsLeague You are two elements. I did not understand how Riyad Mahrez, the best player on the field, did not take it, even last year, in several interviews. https://t.co/YkWYZMSh60",ryad,ryad98411848,False,23
Tue Oct 19 23:02:41 +0000 2021,Everyone please Do Not buy from a scalper the Xbox mini fridge will be available in store from December.#XboxMiniFridge #XboxSeriesX,Shannon Giblett,Shanoobis,False,92
Tue Oct 19 23:02:41 +0000 2021,"@ChrisMegerian @MaryWebb7 It's hilarious (or sad) how people will try every kind of dangerous quack method to lose weight, yet they hesitate take a vaccine, that many millions of people have already taken safely, to save lives ",HeartofRocks,ActiveFiltering,False,52
Tue Oct 19 23:02:41 +0000 2021,"@syreplanet @CymCymAlt @royaltyyoungboy @69420_WRLD Go inbox Support_Cyber12 fast on instagram he is fast and reliable on hacked, disabled and suspended accounts tested and trusted i believe him so much",Ruben Mejia,capoverdolaga,False,3
Tue Oct 19 23:02:41 +0000 2021,"@Sacrilegious_D I sin as often as possible; I am in an open marriage to a pansexual.  I'd like to commit adultery once a day at least and double down with an occasional orgy.Been near death including busted skull but that was due to violence perpetrated by transphobic a-holes, not a sky faerie.",Veronica: Union Proud Grandma 4 worker solidarity,DJVeronica,False,240
Tue Oct 19 23:02:41 +0000 2021,It's not gonna spank itself  Sub to my onlyfans &amp; get a free explicit vid  https://t.co/MQhXemnGk5,Tallulah,peachparade67,False,1404
Tue Oct 19 23:02:41 +0000 2021,Man lives in Pirate Studios,DJ Kyshon,kyshon_music,False,881
Tue Oct 19 23:02:41 +0000 2021,They're trying to gaslight you into believing that a collection of bureaucrats in matching outfits are a branch of the U.S. military. https://t.co/9suyoWVhBV,üéÉüëªTommy SpooktacularüëªüéÉ,NewTomWhoDis,False,980
Tue Oct 19 23:02:41 +0000 2021,This is actually an unbelievably pathetic statement.,Michael Bunting fan acc.,MapleGlazed_,False,829
